pair_u	SELECT hex(unistr('\ud83d\ude00'));	F09F9880
pair_u_unicode	SELECT unicode(unistr('\ud83d\ude00'));	128512
pair_u_length	SELECT length(unistr('\ud83d\ude00'));	1
pair_bare	SELECT hex(unistr('\d83d\ude00'));	F09F9880
pair_two	SELECT hex(unistr('\ud83d\ude00\ud83d\ude01'));	F09F9880F09F9881
pair_embedded	SELECT hex(unistr('pre\ud83d\ude00post'));	707265F09F9880706F7374
lone_high	SELECT hex(unistr('\ud83d'));	!ERROR
lone_low	SELECT hex(unistr('\ude00'));	!ERROR
out_of_range_6	SELECT hex(unistr('\+110000'));	!ERROR
out_of_range_8	SELECT hex(unistr('\U00110000'));	!ERROR
